d8:50:e6:d5:55:e8, 10.116.99.131, einstein_0
d0:50:99:4d:9c:98, 10.116.99.132, einstein_1
d0:50:99:4d:9c:7d, 10.116.99.133, einstein_2
00:24:81:ed:97:a4, 10.116.99.134, einstein_3
d8:50:e6:d5:53:b0, 10.116.99.135, einstein_4
d0:50:99:4d:26:ff, 10.116.99.136, einstein_5
d0:50:99:4d:9c:97, 10.116.99.137, einstein_6
d0:50:99:4d:9c:7f, 10.116.99.138, einstein_7
d0:50:99:4d:9c:a6, 10.116.99.139, einstein_8
24:be:05:1d:98:54, 10.116.99.140, einstein_9
00:22:64:a6:ac:59, 10.116.99.141, einstein_10
d0:50:99:4d:9c:9a, 10.116.99.142, einstein_11
d0:50:99:4d:9c:79, 10.116.99.143, einstein_12
d0:50:99:4d:9c:96, 10.116.99.144, einstein_13
d0:50:99:4d:9c:90, 10.116.99.145, einstein_14
d0:50:99:41:a6:e8, 10.116.99.146, einstein_15
d0:50:99:4d:9c:77, 10.116.99.147, einstein_16
d0:50:99:4d:9c:80, 10.116.99.148, einstein_17
00:13:72:87:4f:d9, 10.116.99.149, einstein_18
00:24:81:92:05:df, 10.116.99.150, einstein_19
d0:50:99:4d:9c:85, 10.116.99.151, einstein_20
d0:50:99:4d:9c:a4, 10.116.99.152, einstein_21
d0:50:99:4d:95:23, 10.116.99.153, einstein_22
d0:50:99:4d:9c:99, 10.116.99.154, einstein_23
d0:50:99:4d:a8:e8, 10.116.99.155, einstein_24
d0:50:99:4d:9c:a0, 10.116.99.156, einstein_25
