00:13:72:87:7f:41, 10.116.99.161, maxwell_0
94:57:a5:ec:98:20, 10.116.99.162, maxwell_1
48:0f:cf:67:8c:c0, 10.116.99.163, maxwell_2
94:57:a5:ec:9e:31, 10.116.99.164, maxwell_3
dc:4a:3e:72:d9:11, 10.116.99.165, maxwell_4
48:0f:cf:67:d9:d4, 10.116.99.166, maxwell_5
94:57:a5:ec:d0:9a, 10.116.99.167, maxwell_6
00:26:55:3e:3a:52, 10.116.99.168, maxwell_7
70:5a:0f:45:2b:98, 10.116.99.169, maxwell_8
94:57:a5:ec:d0:a0, 10.116.99.170, maxwell_9
94:57:a5:ec:98:24, 10.116.99.171, maxwell_10
94:57:a5:ec:d0:9b, 10.116.99.172, maxwell_11
94:57:a5:ec:98:22, 10.116.99.173, maxwell_12
48:0f:cf:67:5c:fc, 10.116.99.174, maxwell_13
48:0f:cf:67:da:9f, 10.116.99.175, maxwell_14
94:57:a5:ec:98:21, 10.116.99.176, maxwell_15
94:57:a5:ec:d0:9f, 10.116.99.177, maxwell_16
94:57:a5:ec:94:3e, 10.116.99.178, maxwell_17
e8:39:35:33:e8:5d, 10.116.99.179, maxwell_18
48:0f:cf:67:d6:da, 10.116.99.180, maxwell_19
48:0f:cf:67:da:8f, 10.116.99.181, maxwell_20
24:be:05:1d:98:5a, 10.116.99.182, maxwell_21
2c:41:38:a1:ec:8f, 10.116.99.183, maxwell_22
64:31:50:19:b8:c7, 10.116.99.184, maxwell_23
24:be:05:1d:98:6e, 10.116.99.185, maxwell_24
2c:27:d7:23:50:d0, 10.116.99.186, maxwell_25
